u_key,table,sys_class_name,name,name_ja,business_application_u_key,environment,service_classification,operational_status,life_cycle_stage,life_cycle_status,location_u_key,managed_by_group_u_key,entry_point,criticality,notes
SI-SAP-PRD,cmdb_ci_service_auto,cmdb_ci_service_discovered,SAP S/4HANA Production,SAP S/4HANA本番,BA-SAP,Production,Application Service,Operational,Operational,In Use,LOC-OSK-DC,GRP-APP-ERP,sapprd.cjm.example.co.jp:443,Critical,Core ERP production application stack
SI-SAP-DR,cmdb_ci_service_auto,cmdb_ci_service_discovered,SAP S/4HANA DR,SAP S/4HANA災対,BA-SAP,DR,Application Service,Standby,Operational,In Use,LOC-OSK-DC,GRP-APP-ERP,sapdr.cjm.example.co.jp:443,Critical,Warm standby for ERP disaster recovery
SI-SAP-DEV,cmdb_ci_service_auto,cmdb_ci_service_discovered,SAP S/4HANA Development,SAP S/4HANA開発,BA-SAP,Development,Application Service,Operational,Operational,In Use,LOC-OSK-DC,GRP-APP-ERP,sapdev.cjm.example.co.jp:443,Medium,ERP development and configuration
SI-SFDC-PRD,cmdb_ci_service_auto,cmdb_ci_service_discovered,Salesforce Sales Cloud Japan Production,Salesforce営業支援日本本番,BA-SFDC,Production,Application Service,Operational,Operational,In Use,LOC-TYO-HQ,GRP-APP-ERP,login.salesforce.com,High,SaaS CRM production tenant
SI-MES-PRD,cmdb_ci_service_auto,cmdb_ci_service_discovered,Nagoya MES Production,名古屋MES本番,BA-MES,Production,Application Service,Operational,Operational,In Use,LOC-NGY-PLANT,GRP-APP-MFG,mes.nagoya.cjm.example.co.jp:8443,Critical,Plant MES production stack connected to PLC gateway
SI-MES-TEST,cmdb_ci_service_auto,cmdb_ci_service_discovered,Nagoya MES Test,名古屋MES検証,BA-MES,Test,Application Service,Operational,Operational,In Use,LOC-NGY-PLANT,GRP-APP-MFG,mestest.nagoya.cjm.example.co.jp:8443,Medium,MES validation and release testing
SI-WMS-PRD,cmdb_ci_service_auto,cmdb_ci_service_discovered,Fukuoka WMS Production,福岡WMS本番,BA-WMS,Production,Application Service,Operational,Operational,In Use,LOC-FUK-LC,GRP-APP-ERP,wms.cjm.example.co.jp:443,High,AWS hosted warehouse management production
SI-HR-PRD,cmdb_ci_service_auto,cmdb_ci_service_discovered,SmartHR Payroll Hub Production,SmartHR給与連携本番,BA-HR,Production,Application Service,Operational,Operational,In Use,LOC-TYO-HQ,GRP-APP-ERP,hrhub.cjm.example.co.jp:443,Medium,HR SaaS and payroll interface hub
SI-PORTAL-PRD,cmdb_ci_service_auto,cmdb_ci_service_discovered,Employee Service Portal Production,社員ポータル本番,BA-PORTAL,Production,Application Service,Operational,Operational,In Use,LOC-TYO-HQ,GRP-SD,cjm.service-now.com,High,Employee self-service portal production
SI-EC-PRD,cmdb_ci_service_auto,cmdb_ci_service_discovered,B2B Ordering Portal Production,B2B受注ポータル本番,BA-EC,Production,Application Service,Operational,Operational,In Use,LOC-TYO-HQ,GRP-APP-ERP,orders.cjm.example.co.jp:443,High,Azure hosted dealer ordering portal
